{
    "Ellipse Detected Number": [
        0
    ],
    "Width of Ellipse": [
        18.79972267150879
    ],
    "Length of Ellipse": [
        30.804664611816406
    ],
    "Rotation of Ellipse": [
        45.85533142089844
    ],
    "ImpactAngle": [
        0.6102881790278404
    ],
    "impactAngleAzimuth": [
        37.610343102283856
    ],
    "Directionality": [
        "right"
    ]
}