{
    "Ellipse Detected Number": [
        0
    ],
    "Width of Ellipse": [
        85.75064086914062
    ],
    "Length of Ellipse": [
        99.77665710449219
    ],
    "Rotation of Ellipse": [
        -6.596946716308594
    ],
    "ImpactAngle": [
        0.8594258753261029
    ],
    "impactAngleAzimuth": [
        59.25218119649406
    ],
    "Directionality": [
        "left"
    ]
}