{
    "Ellipse Detected Number": [
        0
    ],
    "Width of Ellipse": [
        90.75801849365234
    ],
    "Length of Ellipse": [
        277.2854309082031
    ],
    "Rotation of Ellipse": [
        -2.6497879028320312
    ],
    "ImpactAngle": [
        0.32730900500754506
    ],
    "impactAngleAzimuth": [
        19.10552419077862
    ],
    "Directionality": [
        "left"
    ]
}